Au,Au_101
Au,Au_102
Au,Au_103
Au,Au_104
Au,Au_107
Au,Au_108
Au,Au_201
Au,Au_202
Au,Au_203
Au,Au_204
Au,Au_205
Au,Au_206
Au,Au_207
Au,Au_208
Au,Au_209
Au,Au_210
Au,Au_301
Au,Au_302
Au,Au_303
Au,Au_304
Au,Au_305
Au,Au_306
Au,Au_307
Au,Au_308
Au,Au_309
Au,Au_310
Au,Au_401
Au,Au_402
Au,Au_403
B,B_201
B,B_202
B,B_203
B,B_401
B,B_402
C,C_104
C,C_105
C,C_106
C,C_107
C,C_108
C,C_204
C,C_205
C,C_206
C,C_207
C,C_209
C,C_210
C,C_211
C,C_212
C,C_213
C,C_307
C,C_308
C,C_309
Ccu1 (Rgd),Rgd_00001
Ccu1 (Rgd),Rgd_00002
Ccu1 (Rgd),Rgd_00004
Ccu1 (Rgd),Rgd_00005
Ccu1 (Rgd),Rgd_00006
Ccu1 (Rgd),Rgd_0001
Ccu1 (Rgd),Rgd_0002
Ccu1 (Rgd),Rgd_0003
Ccu1 (Rgd),Rgd_0005
Ccu1 (Rgd),Rgd_0006
Ccu1 (Rgd),Rgd_0007
Ccu1 (Rgd),Rgd_0008
Ccu1 (Rgd),Rgd_00010
Ccu1 (Rgd),Rgd_00011
Ccu1 (Rgd),Rgd_107
Ccu1 (Rgd),Rgd_106
Ccu1 (Rgd),Rgd_110
Ccu1 (Rgd),Rgd_111
Ccu1 (Rgd),Rgd_112
Ccu1 (Rgd),Rgd_113
Ccu1 (Rgd),Rgd_207
Ccu1 (Rgd),Rgd_2010
Ccu1 (Rgd),Rgd_206
Ccu1 (Rgd),Rgd_2011
Ccu1 (Rgd),Rgd_2012
Ccu1 (Rgd),Rgd_2013
Ccu1 (Rgd),Rgd_201
Ccu1 (Rgd),Rgd_202
Ccu1 (Rgd),Rgd_203
Ccu1 (Rgd),Rgd_306
Ccu1 (Rgd),Rgd_307
Ccu1 (Rgd),Rgd_308
Ccu1 (Rgd),Rgd_309
Ccu1 (Rgd),Rgd_310
Ccu1 (Rgd),Rgd_311
Ccu1 (Rgd),Rgd_312
Ccu1 (Rgd),Rgd_313
G,G_101
K2,K2_101
LL,LL_001
LL,LL_002
LL,LL_101
LL,LL_102
LL,LL_103
LL,LL_104
LL,LL_105
LL,LL_106
LL,LL_107
LL,LL_108
LL,LL_201
LL,LL_202
LL,LL_203
LL,LL_205
LL,LL_206
LL,LL_301
LL,LL_302
LL,LL_303
LL,LL_304
M,M_100
ML,ML_110
ML,ML_111
ML,ML_113
ML,ML_114
ML,ML_116
ML,ML_117
ML,ML_119
ML,ML_120
ML,ML_509
ML,ML_510
ML,ML_511
ML,ML_512
ML,ML_513
ML,ML_514
ML,ML_515
ML,ML_516
ML,ML_603
ML,ML_604
ML,ML_606
ML,ML_607
ML,ML_608
ML,ML_614
ML,ML_615
ML,ML_617
O,O_101
O,O_102
O,O_103
O,O_104
O,O_105
O,O_202
O,O_203
O,O_204
O,O_205
O,O_301
O,O_302
O,O_303
O,O_304
O,O_305
O,O_401
O,O_402
O,O_403
O,O_404
O,O_405
Q,Q_306
Q,Q_307
Q,Q_308
Q,Q_405
R,R_109
R,R_110
R,R_111
R,R_112
R,R_113
R,R_209
R,R_210
Rga,Rga_101
S1,S1_001
S1,S1_002
S1,S1_003
S1,S1_202
Sd,SD_201
Sd,SD_202
Sd,SD_203
Sd,SD_204
Sd,SD_205
Sd,SD_206
Sd,SD_207
Sd,SD_301
Sd,SD_302
Sd,SD_303
Sd,SD_304
Sd,SD_305
Sd,SD_306
Sd,SD_307
Sd,SD_401
Sd,SD_402
Sd,SD_403
Sd,SD_404
Sd,SD_405
Sd,Sd_701
Sd,Sd_702
Sd,Sd_703
Sd,Sd_704
Sd,Sd_715
Sd,Sd_716
Sd,Sd_801
Sd,Sd_802
Sd,Sd_803
Sd,Sd_804
Sd,Sd_805
Sd,Sd_806
Sd,Sd_807
Tx,Tx_602
Tx,Tx_603
W,W_101
W,W_102
W,W_201
W,W_202
W,W_203
W,W_204
W,W_205
W,W_401
W,W_402
W,W_403
W,W_404
Y,Y_101
Y,Y_111B
Z,Z_101
Z,Z_102
Z,Z_103
Z,Z_104
Z,Z_105
Z,Z_110
Z,Z_203
Z,Z_208
Z,Z_212